ec2_count,ec2_total_memory,ec2_total_vcpu,rds_count,rds_total_memory,rds_multi_az,ebs_volume_count,ebs_total_gb,s3_bucket_count,s3_total_gb,has_nat_gateway,has_load_balancer,total_resources,monthly_cost
9,115.0,38,2,10.0,0,16,8028,2,15466,0,0,29,4284.13
9,202.5,46,2,64.0,0,0,0,8,40143,0,1,20,3188.77
0,0.0,0,4,104.0,1,2,731,7,34263,1,0,14,3158.74
1,8.0,2,2,40.0,0,1,743,3,9988,1,1,9,1014.61
8,140.5,34,4,40.0,0,4,1886,10,33401,1,0,27,3063.22
0,0.0,0,4,120.0,1,2,434,0,0,1,1,8,2704.93
1,8.0,2,1,4.0,1,16,9297,1,5195,1,1,21,2532.23
4,116.0,20,3,88.0,1,13,7505,6,30532,0,0,26,5286.02
6,192.0,40,5,65.0,1,2,46,9,58112,0,0,22,4146.01
3,12.5,8,1,32.0,0,9,4727,7,46054,1,1,22,2298.15
8,49.0,24,5,93.0,1,0,0,6,31111,1,1,21,3014.81
1,16.0,4,3,128.0,0,6,2264,8,41392,0,1,19,2857.54
8,131.0,30,1,32.0,0,20,10149,0,0,1,0,30,3459.41
2,48.0,8,0,0.0,1,16,8002,7,47074,1,0,26,3280.99
0,0.0,0,3,16.0,1,19,8701,1,6886,1,0,24,3166.2
5,36.5,12,4,89.0,1,4,2249,7,28711,0,0,20,3081.02
8,195.0,44,5,98.0,1,17,6743,1,6125,0,0,31,5227.65
3,56.0,14,1,8.0,0,1,982,9,34823,0,0,14,1573.67
5,256.0,44,1,1.0,0,13,6863,9,58499,0,1,29,3309.7
5,60.0,22,1,8.0,1,17,7653,4,15379,1,1,29,2550.34
3,72.0,16,3,14.0,0,4,1731,10,37574,0,0,20,1664.7
1,16.0,8,0,0.0,0,3,1819,10,62361,0,0,14,2079.21
9,124.5,28,0,0.0,0,20,11490,4,21975,0,1,34,3522.73
3,56.0,10,4,33.0,0,20,8950,10,61117,1,1,39,4369.97
8,266.0,64,0,0.0,1,14,5301,10,62776,0,1,33,4182.28
7,179.0,38,4,69.0,1,1,851,7,42802,1,0,20,4005.08
8,204.0,34,3,76.0,1,14,6369,7,24396,0,1,33,4284.23
6,48.5,14,2,33.0,1,6,2588,7,26518,1,1,23,2301.07
5,88.0,18,5,129.0,1,1,816,6,31883,1,0,18,3948.65
6,52.5,24,3,73.0,0,15,8482,1,6539,1,1,27,3245.0
3,56.0,20,0,0.0,0,18,11378,6,24610,1,1,29,3618.54
1,8.0,4,0,0.0,1,1,244,7,22300,0,1,10,667.43
8,194.0,36,0,0.0,0,20,12778,1,2176,0,1,30,3560.34
6,68.5,16,4,108.0,1,5,2028,9,51570,0,1,25,4078.9
7,220.0,38,5,105.0,0,8,4324,8,38287,0,1,29,4012.42
2,34.0,10,3,14.0,1,14,5866,8,30557,1,1,29,2673.63
5,138.0,26,4,101.0,1,10,5214,3,17636,0,0,22,4018.83
10,203.0,48,1,1.0,0,17,8057,10,41228,0,1,39,4515.05
7,140.0,30,2,34.0,0,17,8575,5,32044,0,1,32,4407.01
0,0.0,0,4,78.0,1,16,9229,10,50035,0,0,30,4034.53
1,4.0,2,2,33.0,0,9,4095,7,42941,0,1,20,2060.3
10,235.0,56,0,0.0,0,18,8177,2,6364,1,1,32,3722.88
9,146.0,34,0,0.0,0,10,6232,3,19181,1,0,23,2864.08
0,0.0,0,4,72.0,0,17,7819,9,38462,0,1,31,3081.05
0,0.0,0,0,0.0,0,1,180,6,21142,1,1,9,564.18
2,24.0,8,5,122.0,0,5,2599,8,36981,1,1,22,2696.55
0,0.0,0,1,8.0,0,10,6579,9,39399,1,1,22,1699.07
4,72.0,22,2,24.0,0,13,7452,0,0,0,0,19,2487.62
0,0.0,0,2,48.0,0,17,10393,9,63470,1,0,29,4114.04
7,45.0,18,0,0.0,1,12,5678,1,553,0,0,20,1233.14
9,249.0,54,0,0.0,1,12,6891,5,18832,1,1,28,3027.27
10,157.0,42,0,0.0,0,2,1408,0,0,0,0,12,1295.31
8,168.0,38,3,49.0,1,19,10097,3,16665,1,0,34,5285.41
8,122.0,34,1,8.0,0,1,684,8,31062,0,1,19,1775.34
1,32.0,8,3,8.0,1,20,9755,9,45151,0,0,33,3761.76
6,145.5,32,3,80.0,1,7,4296,3,8861,0,0,19,4227.61
1,4.0,2,1,32.0,0,1,756,6,34492,0,1,10,1582.19
9,110.0,34,3,21.0,0,18,8386,1,6717,0,1,32,2955.09
5,160.0,24,4,20.0,0,1,869,2,2822,0,0,12,1303.24
2,24.0,6,2,36.0,1,1,566,2,15601,0,0,7,1539.2
3,33.0,8,5,134.0,1,14,7905,7,47607,0,1,30,5148.89
9,225.0,44,3,52.0,1,9,3981,5,10283,0,0,26,3883.02
9,102.0,30,4,130.0,1,17,7588,6,35979,0,0,36,5970.96
6,101.0,18,0,0.0,1,5,2139,8,50133,0,0,19,2730.95
4,64.0,18,4,34.0,0,6,3601,2,6849,0,0,16,2400.39
0,0.0,0,1,8.0,1,16,8096,7,28736,0,1,25,3213.76
10,206.0,46,4,26.0,0,5,2467,9,35682,1,0,29,3162.23
2,48.0,6,2,20.0,0,13,6702,10,43987,0,1,28,2837.84
6,97.0,26,0,0.0,0,3,2153,9,28522,0,0,18,1573.72
8,147.0,36,3,35.0,1,17,8895,7,39896,0,1,36,5211.93
6,30.5,14,4,56.0,0,20,12430,2,10697,1,0,33,3165.96
6,80.5,26,1,64.0,0,8,3325,9,56491,0,0,24,3095.73
7,120.0,26,0,0.0,1,14,6275,4,35749,1,1,27,2799.81
7,97.0,24,3,20.0,1,16,8520,9,35857,1,0,36,2895.88
8,125.0,34,4,22.0,0,1,42,4,14220,1,1,19,2006.53
2,6.0,4,4,74.0,1,4,3200,1,2822,0,1,12,2336.2
10,198.0,42,1,64.0,0,0,0,9,38853,1,1,22,3111.99
4,81.0,26,0,0.0,0,2,1228,6,28856,1,1,14,1906.09
7,116.0,24,0,0.0,1,11,7283,1,8162,0,0,19,2303.13
4,116.0,24,3,6.0,1,10,6319,3,6797,1,0,21,2638.11
3,25.0,6,3,73.0,1,0,0,4,17093,0,1,11,1949.43
6,70.5,20,5,152.0,1,6,2747,5,24769,1,1,24,4123.58
7,80.0,24,2,68.0,1,1,125,8,39088,1,1,20,2931.57
3,67.0,20,3,52.0,1,10,4729,7,31965,0,1,24,4309.64
6,83.0,26,4,18.0,1,0,0,7,34619,0,1,18,1984.5
0,0.0,0,0,0.0,0,6,2400,1,3236,0,1,8,310.92
3,88.0,22,3,66.0,1,9,3104,6,24239,1,1,23,3698.4
10,228.5,56,4,76.0,0,19,10220,6,17250,0,1,40,5306.55
6,188.0,40,5,121.0,0,9,4841,0,0,1,1,22,3617.42
8,142.0,30,5,114.0,1,7,2960,6,29662,1,0,27,5176.7
7,140.0,38,5,156.0,1,11,5681,3,13453,1,1,28,5929.11
0,0.0,0,2,5.0,1,14,6719,1,898,1,0,18,2288.46
7,133.0,28,3,74.0,0,1,976,3,26889,1,1,16,2578.41
3,56.0,12,0,0.0,0,7,3339,1,8216,0,1,12,1161.42
5,129.0,24,1,2.0,1,18,8584,6,25461,0,0,30,2765.83
8,180.0,44,5,168.0,1,17,6708,9,52419,1,0,40,7704.63
6,166.0,38,0,0.0,1,9,4458,4,17974,0,0,19,2455.66
2,48.0,12,4,168.0,1,14,8316,5,22989,0,0,25,5129.48
1,4.0,2,1,8.0,1,16,7289,0,0,0,0,18,1140.23
2,24.0,10,4,129.0,0,16,7611,8,38941,0,1,31,3642.12
5,108.0,20,2,80.0,1,4,1911,9,48553,0,1,21,3641.21
10,105.5,32,3,64.0,0,6,3807,5,17510,0,0,24,3219.88
6,81.0,22,5,136.0,1,1,839,6,27206,0,0,18,3580.34
10,149.0,44,1,32.0,0,2,589,4,21199,1,0,18,2602.29
3,68.5,12,3,104.0,0,1,259,9,56484,1,0,17,2884.54
8,105.5,42,1,32.0,1,17,8813,6,27096,1,0,33,4081.14
9,159.0,44,2,16.0,0,18,8673,5,26130,0,0,34,3343.68
2,24.0,6,1,2.0,1,20,8728,0,0,0,1,24,1832.54
5,112.0,32,2,32.0,1,19,12095,2,15907,1,0,29,4123.51
1,16.0,8,2,12.0,0,7,3058,9,59759,1,1,21,2322.28
1,4.0,2,5,69.0,0,19,9598,2,11840,1,0,28,2764.86
9,160.0,42,1,16.0,1,4,2744,4,20283,1,0,19,2894.24
4,192.5,34,4,30.0,1,7,3891,7,34050,0,0,22,4382.57
0,0.0,0,4,88.0,0,3,875,6,23873,0,1,14,1678.23
6,146.0,38,5,162.0,1,7,3175,0,0,0,1,19,4563.07
1,2.0,2,4,69.0,0,12,6094,8,21262,1,1,27,2078.59
5,89.0,26,1,32.0,0,8,5296,4,26197,0,0,18,2136.65
10,189.5,44,1,8.0,1,0,0,5,23926,0,0,16,2189.85
5,160.0,30,2,10.0,1,14,5989,2,14299,1,0,24,3234.0
9,184.0,40,1,4.0,1,16,9455,3,12558,0,1,30,2947.8
6,107.0,28,1,4.0,0,12,7167,9,42883,1,0,29,3235.67
6,113.0,26,3,82.0,0,2,297,9,40582,1,0,21,2537.42
8,236.0,48,5,21.0,1,17,8250,4,9768,0,1,35,3927.7
7,94.0,30,4,114.0,1,18,9904,6,30103,0,1,36,6229.86
7,112.0,30,2,24.0,1,7,4153,1,4215,0,0,17,2328.7
8,130.0,44,2,17.0,1,20,10796,10,56341,0,1,41,5004.32
4,13.0,8,2,33.0,1,13,5496,2,18078,0,1,22,2305.96
8,74.0,28,4,54.0,0,19,9169,1,6881,0,0,32,4385.14
3,9.0,6,0,0.0,0,11,5976,3,19489,1,1,19,2336.46
7,127.0,28,2,16.0,0,4,2629,8,44565,1,1,23,2399.5
4,36.5,10,2,40.0,0,20,8316,10,42996,1,1,38,3690.19
10,133.5,36,1,16.0,1,15,9750,6,33978,1,0,33,4318.31
10,174.5,50,5,176.0,0,10,4935,1,3579,1,0,27,4352.09
10,316.0,66,5,98.0,0,1,546,1,4221,1,0,18,3662.76
2,16.5,10,1,4.0,1,12,6399,2,14023,0,1,18,1595.21
4,74.0,16,2,12.0,0,8,2638,0,0,1,0,15,1168.45
4,53.0,16,0,0.0,0,4,1844,1,5536,1,0,10,1252.6
1,8.0,2,1,16.0,1,14,4886,9,43068,0,1,26,2020.39
1,32.0,4,1,64.0,1,19,9850,9,42903,1,0,31,4177.38
9,79.5,22,0,0.0,1,10,4656,7,33754,1,1,28,3000.97
5,43.0,16,4,88.0,0,8,4691,7,30756,0,1,25,2953.84
1,8.0,4,1,64.0,1,10,6666,3,15448,0,1,16,2720.07
9,140.5,38,3,72.0,1,15,9189,1,1096,1,0,29,3618.13
6,98.0,26,0,0.0,1,3,1810,3,21012,0,1,13,1652.54
1,1.0,2,3,32.0,0,12,6799,0,0,0,1,17,2209.2
2,3.0,4,5,57.0,0,9,4758,10,53237,1,1,28,2892.88
6,132.0,32,5,75.0,0,8,5519,1,8416,0,0,20,3006.16
7,160.5,36,3,17.0,1,18,10111,2,5532,1,0,31,3841.17
1,16.0,4,2,34.0,0,7,4344,3,10317,0,0,13,1654.66
2,32.0,8,0,0.0,0,0,0,9,60867,0,0,11,1528.35
9,225.0,48,2,24.0,0,20,9317,8,28503,0,1,40,4149.22
6,144.0,30,2,36.0,1,15,9561,8,44060,1,1,33,4832.62
8,129.0,28,5,131.0,0,2,1968,5,16849,1,0,21,3577.01
9,194.0,60,1,16.0,0,13,5501,2,17122,1,1,27,3838.0
5,108.0,18,1,8.0,1,11,6865,4,19496,1,0,22,3450.92
3,80.5,20,3,38.0,0,18,8057,5,37010,0,0,29,3606.16
2,24.0,10,4,88.0,1,5,2152,2,14701,0,0,13,2691.06
0,0.0,0,0,0.0,0,11,5804,9,36377,1,1,22,1970.5
4,56.0,16,2,24.0,0,5,3271,2,7510,0,1,14,1498.83
3,41.0,10,1,16.0,0,17,10368,6,23383,0,1,28,2530.75
9,156.0,42,1,32.0,1,20,9634,5,18861,1,1,37,4714.27
8,70.0,30,2,32.0,0,12,8087,9,51737,1,0,32,3807.48
5,102.0,22,4,38.0,0,14,7724,3,24667,0,0,26,4250.41
4,52.5,12,5,34.0,1,15,9433,5,22264,1,0,30,3375.76
8,135.0,38,2,32.0,0,9,4275,3,26299,0,1,23,3238.66
0,0.0,0,0,0.0,1,2,994,6,28411,0,1,9,1119.94
6,96.0,24,4,120.0,0,17,8731,3,12584,0,1,31,4636.72
0,0.0,0,2,10.0,1,16,7860,7,32032,0,0,25,3138.36
4,80.5,16,2,10.0,0,0,0,10,45931,1,1,18,1892.2
6,89.0,22,0,0.0,1,17,6846,9,50925,0,0,32,3422.86
7,108.0,32,0,0.0,1,20,8585,2,12827,0,0,29,3601.71
6,140.0,34,5,75.0,0,5,2524,7,39627,0,1,24,3004.36
4,48.5,10,3,34.0,1,1,978,9,27915,0,0,17,1763.43
0,0.0,0,4,43.0,1,9,5416,9,59392,0,0,22,3705.21
7,134.5,42,5,51.0,0,20,8628,4,24455,1,0,37,4564.48
4,96.0,24,5,148.0,0,12,7255,8,50164,1,1,31,4724.35
10,256.0,52,5,148.0,0,17,7897,6,29184,0,0,38,6244.53
3,44.0,8,4,112.0,1,15,7973,9,47270,0,0,31,5854.5
6,178.0,42,3,19.0,1,17,8334,2,3414,0,0,28,3255.41
5,68.0,18,2,40.0,1,3,1096,10,40880,0,0,20,2402.37
4,89.0,16,2,96.0,1,19,9097,5,20435,0,0,30,5024.55
5,85.0,24,4,68.0,1,19,10979,6,28116,1,0,35,5730.63
8,110.0,32,5,90.0,0,17,9524,0,0,0,0,30,3231.66
8,225.0,58,1,2.0,1,2,1052,5,22406,1,0,17,2778.37
9,337.0,66,0,0.0,1,11,5711,6,33359,0,1,27,4143.56
4,101.0,20,3,11.0,1,15,6979,9,54496,1,1,33,3219.38
4,25.0,10,5,97.0,0,8,4575,4,20588,0,0,21,2796.13
10,212.0,44,3,80.0,1,10,4185,3,16616,0,1,27,4717.09
2,24.0,4,0,0.0,0,4,1723,9,38085,0,0,15,1833.47
3,68.0,14,1,32.0,1,3,566,8,45142,1,0,16,2289.29
7,83.0,20,5,70.0,0,11,5575,6,27653,1,0,30,3589.36
9,249.0,62,5,110.0,0,7,4495,9,32871,0,1,31,4107.39
2,72.0,12,4,89.0,0,20,8227,1,3514,1,1,29,3936.43
4,54.0,12,1,32.0,0,14,6760,6,21866,0,1,26,2964.31
7,103.0,32,5,140.0,0,7,4083,2,5941,1,0,22,3811.09
9,242.0,60,1,2.0,0,13,6008,5,21801,1,1,30,4437.62
2,24.0,10,0,0.0,0,8,3179,1,4266,0,0,11,1416.0
2,72.0,10,5,137.0,0,3,1473,0,0,1,1,12,2141.95
3,36.0,8,5,48.0,0,4,2239,8,35281,1,0,21,1910.2
10,199.0,50,1,8.0,0,8,3967,9,42646,1,1,30,3460.86
1,1.0,2,1,4.0,0,17,7072,0,0,0,1,20,1557.5
8,116.0,36,1,32.0,0,13,5318,5,29827,0,0,27,2944.49
10,259.5,64,2,96.0,0,1,545,10,60578,1,1,25,4429.3
3,7.0,6,5,16.0,1,18,10300,0,0,0,1,27,3099.66
7,157.0,44,3,14.0,1,12,6180,2,9127,1,1,26,3544.66
6,140.0,26,4,132.0,0,10,4681,3,13010,0,0,23,3630.85
7,148.5,38,2,16.0,0,3,1958,4,19882,1,1,18,2266.44
2,72.0,20,3,28.0,1,17,8742,10,45803,0,0,32,3850.31
2,40.0,12,2,34.0,0,20,12450,5,36447,1,0,30,3338.65
4,72.0,22,3,18.0,1,2,386,7,32303,0,0,16,1738.05
4,88.0,18,5,108.0,1,20,8744,4,21866,1,1,35,5549.2
4,44.0,10,2,48.0,1,11,4607,4,21441,0,0,21,2908.86
8,185.5,46,4,98.0,0,5,2500,4,24236,1,0,22,3997.51
4,72.0,14,4,76.0,1,17,7748,0,0,1,1,27,3193.04
5,137.0,36,5,117.0,1,13,7834,7,41771,0,0,30,5767.13
5,40.5,14,2,33.0,1,8,3096,7,38036,1,1,24,2869.82
6,120.5,32,5,48.0,0,17,6884,2,9776,0,1,31,2905.62
4,58.0,16,2,48.0,0,11,4126,2,13876,0,0,19,2114.38
0,0.0,0,2,72.0,1,16,9802,8,45895,1,1,28,4644.64
0,0.0,0,2,17.0,1,19,9518,2,4411,0,0,23,2714.87
10,237.0,68,4,104.0,0,19,8793,6,24910,0,1,40,5476.41
8,90.0,20,2,33.0,0,1,693,8,37932,0,1,20,1613.09
7,132.0,38,1,1.0,0,20,9153,7,42924,1,0,36,3605.9
3,112.0,32,1,8.0,0,16,7587,8,45457,1,0,29,4147.02
5,92.0,18,5,57.0,0,16,7422,4,17422,1,1,32,3917.86
8,142.5,36,4,76.0,0,11,7430,10,57042,0,0,33,3892.33
5,101.0,24,2,17.0,1,13,7584,7,35184,1,1,29,3687.75
9,227.0,60,1,8.0,1,8,4065,7,31174,0,0,25,3566.83
1,16.0,8,5,31.0,0,13,5618,7,31852,1,0,27,2576.67
7,87.0,24,3,68.0,0,17,9758,0,0,0,1,28,3119.59
9,160.5,50,3,56.0,0,15,8861,8,58055,1,1,37,5167.61
1,2.0,2,3,44.0,0,19,10990,0,0,0,1,24,2992.3
10,173.5,42,0,0.0,1,18,8045,9,55938,1,1,39,3904.61
0,0.0,0,2,20.0,1,9,4468,0,0,1,1,13,1457.09
7,164.0,36,5,129.0,0,20,10040,10,55998,1,0,43,6597.39
5,121.0,28,2,12.0,1,14,3971,6,27454,1,1,29,2887.47
0,0.0,0,1,8.0,1,13,5843,5,25018,1,1,21,1916.97
4,104.0,26,0,0.0,1,14,7542,7,25805,1,1,27,3434.07
0,0.0,0,0,0.0,1,18,7839,2,5565,0,1,21,1800.35
4,160.0,26,5,98.0,1,17,8573,6,27007,1,0,33,6595.34
7,132.0,24,0,0.0,0,17,9479,6,37122,1,1,32,2804.73
10,125.0,36,1,8.0,1,13,7513,3,11095,1,0,28,2750.45
7,162.0,46,3,112.0,1,11,5439,6,19342,0,0,27,4996.5
3,80.0,22,3,36.0,0,14,6989,6,31916,0,1,27,3027.91
9,138.5,32,0,0.0,0,18,7483,0,0,1,0,28,2501.87
2,80.0,16,5,80.0,0,7,3252,4,25043,1,0,19,3615.7
8,208.0,46,2,36.0,1,14,7415,5,15033,1,1,31,4126.89
0,0.0,0,1,32.0,0,19,8301,7,43418,0,0,27,4170.61
10,220.0,52,2,66.0,0,19,10990,2,8802,1,1,35,5249.04
1,1.0,2,2,20.0,1,8,3985,4,9684,1,0,16,1262.29
5,84.5,26,4,112.0,1,8,2972,8,49443,1,1,27,4478.37
0,0.0,0,4,72.0,0,16,8209,9,42030,0,1,30,3976.98
3,2.0,6,4,27.0,1,11,6162,3,10637,0,0,21,1678.17
7,240.5,42,3,41.0,0,3,1738,0,0,1,1,15,2472.95
8,154.0,42,1,8.0,1,15,8476,0,0,1,1,26,3106.71
5,105.0,22,1,16.0,1,7,4645,3,13824,1,1,18,2752.14
5,84.5,26,4,41.0,1,14,7702,2,11671,0,0,25,3222.92
3,81.0,26,2,34.0,0,7,4536,2,11065,1,0,15,2923.39
8,77.0,32,5,43.0,1,18,7870,0,0,0,0,31,3415.56
8,115.5,34,1,32.0,1,11,6700,6,29811,0,0,26,4025.89
6,78.0,26,4,86.0,0,18,8230,5,17483,0,1,34,3842.77
5,27.5,14,5,112.0,0,10,4583,6,41337,0,1,27,2967.14
2,6.0,4,1,32.0,1,6,2298,0,0,0,1,10,1158.56
4,106.0,28,2,10.0,1,1,335,2,11259,1,0,10,1442.92
3,88.0,16,3,97.0,0,3,1982,9,51799,1,1,20,2966.36
9,146.5,34,2,32.0,0,14,7125,1,1500,1,0,27,3268.8
4,37.0,20,0,0.0,0,0,0,8,50581,0,1,13,1556.43
9,68.0,30,1,8.0,1,15,8245,9,60356,1,0,35,3784.82
1,32.0,4,1,16.0,1,2,1190,6,32834,0,1,11,1214.92
10,106.5,36,5,85.0,1,1,89,1,4761,1,0,18,2827.67
10,190.0,50,1,64.0,0,11,6293,4,18235,1,0,27,3547.18
0,0.0,0,1,64.0,1,13,6846,0,0,1,0,15,2519.0
7,93.0,32,2,96.0,1,6,2560,3,21862,1,0,19,4146.91
7,152.0,38,2,64.0,1,13,6924,4,21165,0,0,26,3673.3
6,126.0,26,5,141.0,1,4,2631,7,42911,0,1,23,4358.64
7,81.0,22,3,24.0,0,18,11339,5,28585,0,0,33,4031.99
3,72.0,12,4,106.0,1,0,0,5,29659,1,1,14,3114.71
1,4.0,2,3,20.0,1,7,3948,8,35788,0,1,20,2176.24
10,206.5,52,3,100.0,0,5,2592,5,25036,0,1,24,3434.99
9,221.0,64,4,11.0,1,15,8171,1,2611,1,0,30,4053.65
0,0.0,0,2,48.0,1,16,7197,8,38346,1,0,27,2957.61
4,56.0,18,3,13.0,1,5,1770,5,27584,1,1,19,2310.53
0,0.0,0,5,104.0,1,8,3190,0,0,0,0,13,2434.97
0,0.0,0,0,0.0,1,6,3386,4,17818,0,1,11,930.35
2,1.5,4,1,16.0,0,12,7173,2,15098,0,1,18,1688.59
8,133.0,34,3,33.0,0,17,7954,1,4332,0,1,30,2571.58
0,0.0,0,0,0.0,1,13,6743,2,3791,1,1,17,1809.21
4,41.0,10,3,104.0,1,18,8320,9,36683,0,1,35,4083.71
3,84.0,14,3,68.0,1,11,6168,2,10825,1,1,21,2953.15
5,92.0,24,3,100.0,0,1,921,1,742,1,0,11,2308.18
4,116.0,28,5,137.0,1,7,3744,7,30886,1,1,25,4692.24
7,185.5,46,1,32.0,1,2,1372,3,11789,0,0,13,2756.26
6,107.0,32,3,19.0,1,9,4582,3,22526,1,1,23,2791.2
6,58.0,20,2,5.0,1,7,2827,9,44938,0,0,24,1915.93
7,137.0,26,3,66.0,0,3,2364,2,6086,0,0,15,1992.63
9,251.0,52,1,16.0,1,6,3000,6,33185,0,0,22,3431.96
8,225.0,58,0,0.0,0,13,8062,9,37989,1,1,32,4358.1
1,16.0,4,0,0.0,1,11,7137,5,20094,0,1,18,2325.94
5,88.5,18,5,172.0,1,3,1893,10,61620,0,1,24,5325.97
4,38.5,14,2,36.0,0,9,4722,0,0,0,1,16,2033.78
3,96.0,20,0,0.0,1,20,8866,7,24943,0,1,31,3241.22
0,0.0,0,5,121.0,1,6,3614,8,41164,0,0,19,3759.26
2,96.0,12,3,4.0,1,8,4481,7,35910,1,1,22,2157.45
4,38.5,14,1,8.0,0,13,8111,1,430,0,0,19,2628.9
1,32.0,8,3,128.0,0,1,590,7,34101,0,0,12,2216.14
7,82.5,28,3,50.0,0,5,3590,4,17794,1,0,20,2299.65
7,117.0,26,4,162.0,0,3,1083,10,47260,0,0,24,3780.85
10,131.0,34,3,49.0,1,2,891,1,522,0,1,17,2498.41
1,16.0,8,1,8.0,1,10,4994,4,20553,1,1,18,2469.64
10,220.5,52,0,0.0,0,14,6618,8,38330,0,1,33,3421.42
6,120.0,28,2,36.0,1,8,3482,7,38057,0,0,23,3172.69
5,116.0,26,1,32.0,0,7,3886,10,58147,0,0,23,3256.45
8,162.0,38,4,88.0,0,20,11551,1,4112,0,1,34,5811.05
2,16.0,6,3,66.0,1,0,0,5,17186,1,1,12,2240.9
8,101.5,32,3,22.0,0,17,7627,9,40177,1,0,38,4008.09
1,8.0,2,2,48.0,0,11,6046,8,47530,1,1,24,2879.17
8,66.0,30,1,1.0,0,9,4170,0,0,0,1,19,1576.5
5,56.0,16,2,48.0,1,9,4400,6,23110,0,1,23,3183.68
5,80.0,18,0,0.0,0,15,7959,2,17904,1,1,24,3445.85
1,16.0,4,2,40.0,0,1,746,5,27273,0,0,9,1225.21
1,4.0,2,2,48.0,1,3,1494,4,20267,0,0,10,1925.61
5,84.0,26,2,24.0,1,8,3491,7,26945,1,0,23,2851.51
4,80.0,20,2,24.0,0,9,5647,8,33138,1,0,24,3233.81
3,52.0,18,1,1.0,0,15,9747,0,0,1,0,20,2666.36
4,36.0,10,1,8.0,0,7,4141,3,16661,0,0,15,2022.0
1,32.0,8,5,180.0,1,10,5267,1,6796,1,0,18,4684.58
8,156.0,32,3,128.0,0,15,5450,4,19965,0,1,31,4479.06
10,274.0,62,5,59.0,1,4,1647,10,60897,0,1,30,5280.31
7,202.5,48,0,0.0,0,0,0,6,32407,1,0,14,2537.79
6,145.0,34,5,112.0,1,11,6251,4,16571,1,0,27,5381.03
8,99.0,26,0,0.0,0,15,6894,10,49304,0,0,33,3514.35
7,112.5,42,3,80.0,1,2,992,5,26201,1,1,19,3712.92
5,104.0,20,5,35.0,1,3,671,0,0,0,1,14,1847.43
3,88.0,12,0,0.0,1,11,4558,0,0,1,1,16,1658.91
6,100.5,30,5,134.0,0,20,10953,10,46951,0,1,42,5786.01
9,190.0,40,4,113.0,1,1,318,6,34248,0,0,20,4375.29
9,145.0,28,2,20.0,0,3,1573,9,59913,1,0,24,2556.65
2,32.0,8,2,48.0,0,20,10751,0,0,1,1,26,3294.97
9,292.0,64,2,36.0,1,17,9079,7,37285,0,0,35,6289.54
5,88.0,26,2,10.0,0,9,5401,1,2036,1,1,19,1755.73
0,0.0,0,0,0.0,0,2,753,6,35322,1,1,10,847.09
8,82.5,20,3,96.0,0,15,8221,8,42146,0,1,35,4465.98
5,61.0,20,5,46.0,0,7,2424,7,35563,0,1,25,2331.05
3,36.0,14,5,97.0,0,18,9916,7,22654,0,1,34,3513.35
8,65.5,26,3,50.0,1,7,5403,5,29720,1,0,24,2756.9
6,59.0,20,2,17.0,1,19,7853,4,12867,1,1,33,2735.51
2,80.0,10,2,24.0,0,10,6341,10,52380,0,1,25,2494.86
9,79.0,34,5,82.0,1,17,6259,1,1217,1,0,33,4918.14
7,82.0,28,3,41.0,0,3,1734,10,40411,1,0,24,2453.71
9,89.0,26,4,208.0,0,6,3272,7,47941,0,0,26,4056.29
7,65.5,22,0,0.0,1,19,8543,0,0,1,1,28,2126.72
7,154.0,44,3,128.0,1,8,4317,0,0,1,1,20,4668.21
2,20.0,10,4,160.0,1,6,3118,0,0,0,1,13,4074.73
4,92.0,24,1,32.0,0,18,8107,10,61838,0,0,33,4477.53
5,38.0,14,5,72.0,0,11,6555,3,18427,0,0,24,2956.18
7,42.5,22,0,0.0,0,6,3305,3,18228,0,0,16,1452.85
8,142.0,38,0,0.0,0,11,4823,6,19394,0,1,26,2920.19
3,10.5,8,5,74.0,0,18,9373,7,34567,0,1,34,3873.54
4,57.0,16,3,36.0,1,9,4069,7,25448,1,0,24,2888.55
8,111.5,24,0,0.0,0,7,4101,10,49837,0,1,26,2043.33
8,102.0,26,3,28.0,0,11,7302,2,3480,1,1,26,3282.81
7,137.5,28,0,0.0,1,1,611,0,0,1,1,10,1059.42
10,85.5,30,5,128.0,0,12,7475,9,46780,0,1,37,4881.67
7,206.0,48,5,90.0,0,8,4592,10,59746,0,0,30,4707.56
1,8.0,2,2,18.0,0,15,8388,3,19293,0,1,22,2651.42
0,0.0,0,3,80.0,1,12,5946,7,41468,0,1,23,4538.8
8,194.0,36,3,84.0,0,0,0,5,25662,0,0,16,2454.67
6,38.0,14,0,0.0,1,10,2596,3,11203,0,0,19,1411.63
7,154.0,38,2,65.0,1,12,6578,9,46744,0,0,30,4675.9
8,67.5,20,0,0.0,1,8,4040,3,25106,0,1,20,1636.81
2,9.0,6,3,98.0,1,3,2322,3,16365,1,0,12,3147.37
3,14.0,6,4,88.0,1,12,4592,7,31028,1,0,27,3969.25
9,192.0,46,5,82.0,0,20,13288,0,0,1,0,35,6142.28
4,64.0,18,4,120.0,1,3,1954,6,37289,1,0,18,4019.55
4,104.0,16,4,96.0,0,0,0,10,62105,0,0,18,2839.17
1,0.5,2,4,58.0,0,6,2961,3,12760,0,0,14,1537.01
10,321.0,66,4,74.0,1,5,2023,10,57295,1,1,31,5368.08
1,1.0,2,2,68.0,1,10,5788,2,8233,0,0,15,2891.16
6,27.5,14,2,20.0,0,11,6439,8,25104,0,1,28,1708.45
0,0.0,0,3,35.0,0,6,4444,4,17251,0,1,14,1163.42
0,0.0,0,3,13.0,0,18,9036,4,17740,1,0,26,2511.51
7,69.5,22,5,88.0,1,16,8763,9,47747,1,0,38,5990.99
1,16.0,4,5,84.0,1,1,436,2,9594,1,1,11,2258.92
2,48.0,16,5,10.0,1,14,6312,5,15891,1,0,27,3192.26
2,16.0,4,4,144.0,1,3,1235,0,0,1,1,11,3001.87
5,35.0,16,1,32.0,0,17,6721,7,33404,1,0,31,2634.99
0,0.0,0,3,65.0,1,1,570,2,11641,0,1,7,1792.86
0,0.0,0,4,98.0,0,19,7673,7,29697,0,0,30,3126.28
8,98.5,28,0,0.0,1,1,254,1,7606,1,0,11,1377.16
8,216.5,60,2,8.0,0,14,9023,7,25108,0,1,32,4344.27
3,96.0,28,4,21.0,1,6,2258,1,4232,0,0,14,1962.68
1,16.0,4,2,40.0,0,7,3550,2,8058,0,1,13,1277.65
2,17.0,10,2,64.0,0,3,1994,4,12473,1,1,13,2255.36
8,200.0,46,3,20.0,0,0,0,10,47931,0,0,21,2828.1
2,16.0,4,0,0.0,0,5,1411,10,60629,1,0,18,2086.33
4,113.0,26,1,8.0,1,9,4860,1,5322,0,1,16,2340.72
9,71.0,28,2,17.0,0,4,2032,1,8053,1,0,17,1332.85
9,152.0,46,0,0.0,0,10,4338,9,49142,1,1,30,3551.05
4,64.0,20,5,104.0,0,12,4753,9,48233,1,1,32,4139.9
0,0.0,0,3,72.0,1,15,6266,4,13032,1,1,24,4250.36
3,48.0,12,0,0.0,1,4,983,10,70271,1,0,18,2218.58
8,99.5,30,3,20.0,0,6,3793,1,5524,0,1,19,1729.41
5,76.0,26,0,0.0,1,16,8117,3,12705,0,0,24,2136.14
8,185.0,46,2,33.0,0,7,4059,5,26154,1,1,24,3992.28
10,172.5,36,1,16.0,0,4,2139,4,15145,0,1,20,2073.12
7,50.0,22,1,1.0,1,10,5494,2,11738,1,1,22,1786.4
4,144.0,28,5,146.0,1,12,5897,3,13641,1,0,25,5826.26
3,40.0,12,5,100.0,0,19,9280,0,0,1,0,28,3178.07
10,287.5,62,0,0.0,0,19,8795,5,23270,0,0,34,4128.52
2,40.0,10,4,48.0,1,13,5782,7,36683,0,1,27,3469.2
6,63.0,22,0,0.0,0,8,4391,5,23772,1,0,20,2541.67
6,76.5,24,4,69.0,0,8,4580,10,49925,0,1,29,3372.07
1,16.0,2,4,29.0,0,14,6947,0,0,0,0,19,1639.46
8,201.0,46,5,68.0,0,10,4872,10,45469,0,1,34,3600.25
2,40.0,10,2,9.0,1,6,3682,9,51332,1,0,20,2732.88
8,328.0,68,2,3.0,1,17,5997,9,50820,0,0,36,4942.11
6,173.0,30,1,16.0,1,20,8717,5,30606,1,0,33,4220.21
0,0.0,0,1,16.0,0,15,8068,0,0,1,0,17,2078.63
0,0.0,0,5,54.0,0,5,3265,9,36324,1,0,20,2082.56
10,200.5,50,4,18.0,1,10,5524,4,34956,1,0,29,4116.02
7,166.0,38,2,16.0,1,6,3144,9,47539,1,0,25,3402.43
8,37.5,18,1,16.0,1,8,4392,3,16227,1,0,21,1905.08
3,80.0,16,1,8.0,0,17,9044,7,41254,0,1,29,3112.95
5,140.0,28,1,4.0,1,15,4799,6,29800,0,1,28,3448.52
4,40.0,14,5,51.0,0,18,8391,0,0,0,1,28,2023.96
4,82.5,20,1,64.0,1,20,9853,3,13568,1,1,30,4648.49
10,194.0,46,4,56.0,0,5,2239,8,44185,1,0,28,3867.84
3,40.5,8,2,4.0,1,15,6758,7,34568,1,1,29,2960.76
9,216.5,58,5,138.0,1,3,1078,3,18244,0,1,21,4780.39
7,125.0,34,2,20.0,1,17,9330,2,2202,0,0,28,3380.56
7,120.0,38,1,8.0,1,13,7036,6,39360,0,0,27,3810.78
6,44.0,20,4,58.0,1,15,7141,5,12480,1,0,31,4453.11
2,40.0,10,4,76.0,1,0,0,2,3770,1,1,10,2392.63
2,80.0,12,1,64.0,0,2,858,8,47546,0,1,14,2056.62
5,50.0,14,4,90.0,0,9,5043,7,38581,1,1,27,3259.98
3,18.0,8,1,1.0,1,6,2051,3,18270,0,0,13,1297.42
3,28.0,12,0,0.0,1,14,6744,1,1865,0,1,19,1706.25
3,9.5,8,5,133.0,1,12,4531,10,52222,1,0,31,5864.96
7,184.0,42,0,0.0,0,17,7787,1,1920,1,1,27,4012.31
8,109.5,32,0,0.0,1,9,2949,5,23451,1,1,24,2488.57
2,32.0,8,4,84.0,1,5,2766,5,26028,0,1,17,2477.45
8,192.0,50,3,33.0,0,19,11377,4,28925,0,1,35,5024.92
5,72.5,24,4,84.0,0,4,1894,10,52725,0,0,23,3216.41
0,0.0,0,3,50.0,1,19,8731,1,7186,0,1,24,2833.42
6,108.0,24,4,68.0,1,12,6302,0,0,1,1,24,3581.75
7,129.0,32,5,97.0,1,7,4814,2,9329,0,0,21,4068.84
1,4.0,2,3,104.0,1,13,6356,8,43250,0,0,25,3896.44
6,88.5,24,0,0.0,1,18,10143,4,18279,1,1,30,3459.76
4,50.0,14,0,0.0,0,3,1561,1,3075,1,1,10,1160.96
1,4.0,2,4,164.0,0,5,2968,4,24913,0,0,14,2866.73
9,169.0,40,1,32.0,1,20,10393,9,37444,1,1,41,4728.76
9,127.0,34,4,136.0,0,1,608,5,35336,0,0,19,3178.76
1,64.0,8,3,64.0,1,2,1517,4,25068,0,1,11,2749.13
7,169.0,30,2,32.0,1,9,2919,2,10484,0,0,20,2780.43
6,268.0,60,1,16.0,1,2,445,1,6335,1,0,11,2800.2
2,36.0,10,3,72.0,0,14,7459,1,1094,0,0,20,2680.72
5,52.0,16,2,66.0,0,4,2477,8,26865,0,1,20,2144.39
3,56.0,12,2,24.0,0,4,1500,0,0,0,1,10,1203.22
3,50.0,18,3,68.0,0,15,7660,6,38341,0,0,27,3435.7
5,42.5,12,5,28.0,1,16,7255,8,41513,1,0,35,2883.82
6,43.5,18,1,8.0,0,18,9509,5,26726,1,1,32,3111.35
10,204.5,50,0,0.0,1,15,8165,4,25308,1,1,31,4395.33
2,128.0,24,4,112.0,1,10,5193,2,8291,0,1,19,5049.87
8,180.0,44,3,21.0,1,10,4994,3,16038,0,1,25,3988.11
8,217.0,54,2,34.0,0,16,9087,3,17636,1,1,31,4306.3
10,220.0,54,2,64.0,1,6,3718,0,0,0,1,19,4412.92
4,128.0,32,0,0.0,1,3,1155,9,64201,1,0,17,2745.26
4,68.0,18,4,26.0,1,18,10127,10,47031,1,0,37,4290.56
1,8.0,2,5,28.0,1,3,1630,0,0,0,0,9,1313.39
3,24.5,8,2,40.0,1,19,11263,8,49313,1,1,34,4153.67
9,78.5,22,5,36.0,1,12,5779,0,0,0,1,27,2871.31
5,66.0,12,4,67.0,0,0,0,6,26734,1,1,17,1729.8
10,200.0,50,4,32.0,0,3,1123,1,2676,1,0,19,2456.65
2,8.5,4,5,133.0,0,10,5435,8,33275,0,1,26,3793.4
4,36.0,10,3,98.0,0,1,549,8,39030,0,1,17,1844.4
4,85.0,16,5,75.0,0,17,7413,8,26300,0,0,34,3262.0
7,100.5,24,4,38.0,1,17,10238,8,27471,0,1,37,4014.66
7,89.5,26,1,16.0,1,1,340,10,49862,0,1,20,2214.92
6,169.0,28,3,52.0,0,11,6037,5,43775,1,0,26,3540.91
7,59.5,22,0,0.0,1,20,9105,3,11360,1,0,31,2449.99
1,64.0,8,5,180.0,1,19,8748,5,12739,1,1,32,6050.07
9,244.0,52,0,0.0,0,0,0,5,36438,1,0,15,2848.35
0,0.0,0,5,96.0,1,0,0,5,26566,1,0,11,2557.11
4,32.0,12,2,24.0,1,1,183,2,10934,1,0,10,1361.76
9,104.5,38,2,40.0,0,20,9892,2,13901,0,1,34,3753.07
0,0.0,0,1,2.0,0,0,0,9,31089,0,0,10,579.52
5,72.0,18,3,104.0,0,20,9936,6,30845,0,1,35,4339.82
2,40.0,10,3,56.0,0,14,7177,0,0,1,0,20,2517.65
10,86.5,36,0,0.0,1,14,8288,6,29523,1,1,32,3323.39
4,99.0,20,5,22.0,1,5,2730,6,24012,0,0,20,1919.3
10,226.5,44,3,32.0,0,1,410,6,36017,0,0,20,2770.02
6,121.0,32,2,40.0,1,0,0,7,26757,0,0,15,2635.85
10,260.0,58,2,72.0,0,20,10909,8,37264,0,0,40,5845.28
8,78.0,18,1,8.0,1,0,0,8,42916,0,1,18,1613.96
5,52.5,14,5,114.0,0,1,566,4,13866,1,0,16,2116.49
10,263.0,60,4,112.0,1,3,1169,1,1043,1,0,19,5284.93
7,74.0,16,3,73.0,1,2,610,3,6730,1,1,17,2324.11
2,24.0,10,1,32.0,1,11,4688,4,22949,0,1,19,2147.93
9,124.5,34,3,56.0,0,16,8823,0,0,1,0,29,3146.01
7,92.5,32,0,0.0,1,19,9362,3,16807,1,1,31,4023.39
5,72.0,14,5,42.0,0,15,6248,3,12811,0,0,28,2863.39
8,131.0,50,1,16.0,1,2,855,4,15618,1,1,17,2517.13
0,0.0,0,4,74.0,1,17,8833,4,19936,1,0,26,3281.13
7,171.0,32,5,37.0,1,5,2390,8,30440,0,0,25,3294.24
10,146.5,38,3,84.0,0,8,3033,6,40001,0,1,28,3367.85
1,16.0,2,0,0.0,0,4,1588,4,31133,0,0,9,1235.79
6,82.0,28,4,136.0,0,1,764,6,35733,0,1,18,2643.77
2,9.0,6,3,44.0,1,2,1839,8,29977,0,1,16,2307.25
3,88.0,22,5,200.0,1,2,1795,9,50944,0,0,19,6499.74
6,142.0,32,4,99.0,0,20,8215,8,44097,0,1,39,4387.47
8,124.5,36,0,0.0,1,3,1445,9,52200,1,0,21,2132.7
10,248.5,60,0,0.0,1,9,5818,9,39574,0,1,29,3933.96
3,72.0,12,0,0.0,0,19,8862,7,29936,1,0,30,2605.73
7,149.0,38,0,0.0,1,15,6574,0,0,1,1,24,3175.71
0,0.0,0,0,0.0,0,2,366,0,0,0,0,2,29.85
0,0.0,0,4,24.0,0,3,1452,0,0,0,1,8,665.49
6,109.0,22,4,100.0,1,13,6144,4,17274,0,1,28,4747.7
4,73.0,20,1,8.0,0,1,204,5,23798,1,1,13,1638.91
1,32.0,8,0,0.0,1,3,1329,9,40338,0,0,13,1806.02
9,200.0,56,5,208.0,1,4,2069,7,28126,0,1,26,6630.62
6,130.0,38,5,35.0,0,0,0,8,39206,1,1,21,2427.3
6,152.0,28,5,36.0,0,9,4334,8,39798,1,0,29,4361.12
10,202.0,42,4,145.0,0,2,1545,8,40718,0,1,25,3524.07
4,33.0,10,4,88.0,0,16,8720,7,31255,0,1,32,3090.9
0,0.0,0,1,8.0,0,11,4506,8,43821,0,0,20,1890.05
1,4.0,2,3,80.0,1,5,3605,1,6434,1,0,11,2844.26
8,213.5,48,1,2.0,1,9,5497,0,0,1,1,20,2591.44
7,172.0,40,0,0.0,1,19,11096,3,12637,1,0,30,3893.75
7,121.0,32,0,0.0,0,7,2922,9,33560,0,0,23,2718.0
4,42.0,10,0,0.0,0,3,838,7,31235,1,1,16,1084.27
1,8.0,4,5,129.0,1,15,6691,2,9759,1,0,24,4103.02
5,76.0,18,3,50.0,0,15,8648,5,32978,0,0,28,3069.12
5,132.0,32,2,18.0,1,10,5085,4,23313,1,1,23,3069.74
0,0.0,0,4,30.0,1,20,10805,3,3311,0,0,27,3065.9
3,80.0,18,4,70.0,1,5,1462,1,787,0,1,14,2567.23
0,0.0,0,2,24.0,0,15,8168,10,62816,0,0,27,2775.55
10,137.0,36,3,82.0,1,19,10200,8,53307,0,1,41,5936.79
8,208.0,50,3,64.0,0,3,2037,10,50561,1,0,25,4114.45
5,130.0,42,3,40.0,1,9,5029,1,6341,1,1,20,3407.17
4,21.5,10,1,4.0,0,20,10272,5,26640,1,0,31,3250.5
8,126.0,44,3,100.0,1,6,3952,1,6788,1,0,19,4117.0
8,143.0,36,1,16.0,1,14,7560,4,21356,1,0,28,3943.02
3,84.0,14,5,65.0,1,14,7993,2,9469,1,1,26,4272.84
5,98.0,30,0,0.0,0,13,7795,8,44112,1,0,27,3971.46
10,155.0,36,0,0.0,1,15,7766,0,0,1,0,26,2801.52
7,122.0,30,4,22.0,0,13,6829,1,3605,0,1,26,2610.95
5,112.5,18,5,86.0,0,0,0,6,33900,0,0,16,2397.87
6,184.0,38,2,16.0,0,20,9061,7,40631,0,0,35,3887.66
6,156.0,34,3,25.0,0,6,3343,8,38010,0,0,23,2961.09
8,114.0,36,0,0.0,1,7,3506,7,33608,1,0,23,2701.14
4,12.0,8,2,40.0,1,15,7423,3,16575,0,1,25,2961.8
6,152.5,34,3,48.0,0,6,3681,2,6490,0,1,18,2270.65
4,50.5,16,0,0.0,0,16,8533,5,19283,1,0,26,2900.78
4,56.0,10,3,68.0,0,16,7010,5,26788,0,0,28,3946.3
1,16.0,4,4,82.0,1,2,1389,10,51233,1,1,19,3995.41
2,32.0,6,4,72.0,1,17,8667,8,33528,0,1,32,4772.68
0,0.0,0,2,6.0,0,18,8982,7,22848,0,0,27,2638.26
2,6.0,4,0,0.0,1,17,6854,9,35876,1,0,29,2301.5
3,160.0,32,1,2.0,0,15,8777,1,8175,0,0,20,3039.53
5,80.5,30,3,21.0,1,17,8330,9,41063,1,0,35,4275.12
10,174.0,40,1,16.0,1,13,4831,1,7191,0,0,25,3170.55
7,91.0,30,0,0.0,1,16,9191,4,21783,0,0,27,2804.57
6,152.0,30,5,118.0,0,12,6270,3,14201,0,1,27,3127.1
7,100.0,32,0,0.0,0,10,5806,1,4513,0,0,18,1670.16
1,16.0,4,4,34.0,1,13,6286,0,0,0,1,19,1769.25
2,16.5,6,5,69.0,0,19,10739,4,29114,1,0,31,3836.43
1,32.0,8,4,58.0,1,12,6916,3,14366,0,0,20,3029.97
10,169.0,42,3,6.0,1,1,708,6,29125,0,0,20,2289.45
3,80.0,24,5,121.0,0,10,5094,4,23730,1,1,24,3662.26
8,140.0,36,0,0.0,1,15,7993,9,33886,1,0,33,3595.66
8,149.5,38,4,120.0,1,9,4784,4,19570,0,0,25,4776.85
2,36.0,10,1,8.0,0,1,584,7,40564,0,0,11,1362.45
5,160.0,40,0,0.0,1,6,3008,2,8909,1,1,15,2493.33
10,234.0,56,2,36.0,0,4,2419,9,30310,0,1,26,3382.1
6,19.5,14,0,0.0,1,2,1406,7,38626,0,1,16,1173.98
4,20.0,10,0,0.0,0,13,4470,1,2259,0,1,19,1798.96
8,61.0,22,1,64.0,1,8,3112,9,33896,1,0,27,3213.17
8,204.5,40,0,0.0,0,9,5895,5,35556,0,0,22,4479.7
6,74.0,28,2,18.0,0,7,4750,6,12153,0,1,22,1746.52
6,58.5,16,2,48.0,1,6,2363,4,9268,1,1,20,2403.57
2,65.0,10,3,21.0,0,9,4123,1,521,1,0,16,2059.56
9,156.5,46,5,106.0,0,17,8459,8,33420,1,0,40,5637.15
5,57.0,28,4,43.0,1,4,2491,8,48034,0,1,22,3504.18
3,74.0,22,5,86.0,1,7,3490,4,19693,1,1,21,3067.66
8,107.0,34,2,33.0,0,15,6694,10,52382,0,1,36,3377.69
0,0.0,0,2,40.0,1,17,9083,10,39076,0,0,29,3108.45
10,340.0,78,4,65.0,1,10,5050,3,15681,0,1,28,5693.78
1,16.0,8,1,16.0,0,17,7753,5,29477,0,1,25,2708.22
6,156.0,38,5,54.0,1,8,4241,10,52897,1,0,30,5046.5
9,103.5,32,0,0.0,1,10,4630,4,14210,0,0,23,2423.1
4,30.0,14,1,16.0,1,14,5821,3,16435,1,0,23,2578.14
10,120.0,38,0,0.0,0,14,7751,7,33130,1,0,32,3350.18
4,50.0,16,1,8.0,1,10,4389,10,50114,1,1,27,2468.9
8,129.5,38,4,101.0,0,12,6133,4,25591,1,1,30,3928.75
0,0.0,0,1,32.0,1,11,5801,2,16414,1,1,16,2119.09
4,145.0,38,3,80.0,0,0,0,4,17389,1,0,12,2758.58
5,137.0,24,0,0.0,0,9,3805,6,19319,1,1,22,2358.11
6,177.0,34,2,96.0,0,12,6248,9,49180,1,0,30,3957.37
7,77.0,24,2,8.0,0,15,8035,0,0,1,0,25,2558.2
7,122.0,36,5,152.0,1,16,8272,4,8756,0,0,32,5964.8
10,173.0,52,5,75.0,0,12,7252,2,6734,0,0,29,3470.0
10,247.0,54,2,36.0,0,0,0,0,0,1,0,13,2422.25
3,112.0,24,3,73.0,1,2,1287,7,43362,1,0,16,3546.62
3,104.0,18,2,36.0,1,10,5730,4,20033,0,1,20,2794.34
9,171.5,48,2,6.0,1,11,4812,10,50622,1,1,34,3976.8
6,55.0,20,1,2.0,0,3,1142,2,9859,1,1,14,980.16
0,0.0,0,1,4.0,0,19,10877,4,11390,1,0,25,2040.67
0,0.0,0,1,8.0,0,8,4916,7,46571,0,1,17,2287.37
9,110.0,32,4,65.0,0,8,3833,1,334,1,0,23,2377.34
0,0.0,0,5,132.0,1,15,7126,1,3358,0,0,21,3951.52
3,3.5,6,4,89.0,0,19,9177,10,48133,0,1,37,4498.66
9,177.5,30,0,0.0,0,9,3461,8,48773,1,0,27,3004.33
4,88.5,24,2,64.0,1,10,6803,6,32080,0,0,22,3875.83
2,72.0,18,5,48.0,1,2,1201,2,4665,0,0,11,2320.6
4,84.0,20,0,0.0,1,5,2451,5,32726,0,1,15,1699.03
2,16.5,6,2,48.0,0,1,595,1,9697,1,1,8,1277.39
2,8.5,4,3,52.0,1,1,820,2,6157,0,1,9,1425.28
4,105.0,30,4,42.0,1,0,0,8,45005,1,1,18,2780.61
2,10.0,4,1,64.0,1,17,9513,4,17505,1,1,26,3307.03
5,88.0,24,2,40.0,0,8,4383,10,30400,1,0,26,2784.62
0,0.0,0,0,0.0,0,11,6476,6,27100,1,0,18,1550.46
4,96.0,18,3,70.0,1,12,5727,4,18761,0,0,23,3346.58
10,241.5,50,3,84.0,1,10,5774,6,30055,0,0,29,4540.11
8,96.0,30,0,0.0,1,7,4539,5,17605,0,1,21,1788.69
2,20.0,4,4,27.0,0,12,5167,3,15356,0,1,22,1587.26
6,112.0,32,4,74.0,1,3,1972,7,44615,0,1,21,3568.27
3,20.0,8,0,0.0,0,11,6068,1,7408,1,1,17,2181.74
5,176.0,48,2,72.0,1,6,3653,8,35730,0,1,22,4237.05
6,48.5,22,5,52.0,0,8,3748,6,24638,0,0,25,2640.77
5,92.5,26,1,1.0,1,0,0,4,22118,1,0,11,1447.55
6,72.0,32,4,130.0,1,2,264,10,67986,1,1,24,5123.09
9,226.5,52,0,0.0,0,0,0,3,11919,1,0,13,2130.5
9,162.0,52,2,2.0,1,14,8474,9,53921,0,1,35,4438.21
7,139.0,38,0,0.0,0,10,3723,8,39625,0,0,25,3047.97
7,92.5,36,4,77.0,0,16,8176,9,42941,1,1,38,4423.73
0,0.0,0,4,100.0,0,16,10524,9,47689,1,1,31,4999.23
10,78.5,28,0,0.0,0,3,1588,7,42940,0,0,20,1571.2
0,0.0,0,2,40.0,0,18,9543,5,16560,0,0,25,2779.33
6,36.5,20,0,0.0,1,10,5940,0,0,1,0,17,2075.07
4,108.0,28,3,112.0,0,5,1826,1,8518,1,1,15,2920.22
6,160.0,28,1,64.0,0,17,8501,9,45940,0,0,33,4208.87
4,104.0,30,5,85.0,0,3,1643,8,36245,0,0,20,2777.92
1,0.5,2,5,166.0,1,14,6378,1,1835,1,1,23,4202.76
10,202.5,50,3,112.0,1,7,3474,8,36050,1,1,30,5157.87
6,99.0,20,0,0.0,0,9,3444,4,26379,1,0,20,1929.71
3,33.0,8,5,14.0,0,20,10643,9,48618,0,1,38,3815.52
8,152.0,38,0,0.0,0,9,3657,10,55522,1,1,29,3224.91
9,219.0,52,2,16.0,0,16,9470,6,8482,0,0,33,3828.08
1,32.0,4,0,0.0,0,6,2952,4,13235,0,1,12,1499.4
8,172.0,46,2,40.0,1,17,8731,10,52052,0,1,38,5460.73
0,0.0,0,5,140.0,1,2,1436,2,4163,0,1,10,2853.77
5,44.5,14,3,56.0,0,1,543,1,2702,0,1,11,1108.74
3,36.0,14,5,61.0,0,5,2753,8,30932,1,1,23,2528.87
8,122.0,30,0,0.0,1,12,5663,6,36941,0,0,26,3304.48
6,156.0,36,5,35.0,1,18,10226,1,310,0,0,30,4576.19
1,16.0,4,4,132.0,1,0,0,0,0,1,0,6,2824.18
2,48.0,16,2,65.0,1,16,6493,3,14030,1,0,24,4700.37
1,2.0,2,0,0.0,1,9,4732,0,0,1,0,11,1190.12
4,120.0,22,1,4.0,1,10,5750,4,23030,0,0,19,1921.97
0,0.0,0,0,0.0,1,15,7031,0,0,0,1,16,1930.37
5,60.5,18,2,5.0,1,1,237,9,41718,1,0,18,1942.64
3,64.0,14,1,16.0,0,8,3798,1,1416,1,0,14,1648.18
1,0.5,2,0,0.0,1,20,9831,4,19229,1,1,27,1814.35
3,64.0,16,2,33.0,0,5,3174,0,0,0,1,11,1224.37
5,97.0,26,2,24.0,1,15,7581,1,4648,1,1,25,3327.84
1,16.0,4,0,0.0,1,6,3303,3,17360,1,1,12,1509.74
5,101.0,28,3,26.0,0,20,8843,4,14207,1,1,34,3203.43
6,96.5,24,2,40.0,1,6,1616,3,18030,1,0,18,2140.01
6,174.0,36,3,25.0,0,11,5935,9,57012,0,0,29,4029.92
2,24.0,6,0,0.0,1,18,9347,8,25388,1,1,30,2922.18
1,16.0,8,5,200.0,1,12,8220,6,27087,0,1,25,6324.36
9,217.5,58,2,40.0,0,13,6197,7,45860,0,0,31,4263.75
3,76.0,14,5,132.0,0,2,1103,4,16621,1,1,16,2746.46
0,0.0,0,4,98.0,1,11,6873,2,17607,0,1,18,3129.93
2,33.0,6,5,121.0,1,0,0,7,40573,1,1,16,3810.45
0,0.0,0,5,144.0,1,3,1668,10,45177,1,0,19,4055.22
7,97.0,36,4,22.0,0,6,3477,10,60114,1,1,29,3199.2
3,12.5,8,1,16.0,0,11,3868,1,5994,0,1,17,982.58
5,132.0,24,5,109.0,1,7,2998,0,0,1,1,19,3647.34
8,101.5,28,3,36.0,1,16,6526,1,8829,1,0,29,4072.25
5,37.0,10,5,74.0,1,12,5948,2,15888,1,1,26,3083.76
5,48.0,14,4,82.0,0,15,8692,0,0,0,0,24,2354.45
7,85.5,32,3,20.0,1,4,2429,9,41623,0,1,24,3092.11
4,43.0,14,4,106.0,1,12,6698,2,8306,0,1,23,3650.02
8,99.0,26,5,200.0,1,1,516,5,26494,1,0,20,5243.28
8,206.0,42,4,58.0,1,1,29,7,41118,0,1,21,3528.35
6,30.5,14,0,0.0,0,18,8909,0,0,0,0,24,2946.97
7,34.5,20,5,85.0,1,19,9651,8,35529,1,0,40,5312.46
7,108.0,32,1,16.0,1,20,10406,3,6235,1,1,33,3293.44
1,8.0,4,1,16.0,1,5,2450,7,40704,1,1,16,1891.31
7,76.0,18,5,109.0,1,6,3722,2,8240,0,1,21,3812.89
9,280.0,78,2,24.0,1,6,1405,7,47473,0,1,25,4131.47
2,36.0,10,4,28.0,1,0,0,2,9873,1,0,9,1317.76
3,88.0,14,1,64.0,1,20,10108,5,25906,1,0,30,3770.71
8,168.0,38,1,2.0,1,0,0,0,0,1,0,10,1442.71
9,106.5,30,1,64.0,1,18,8926,8,41183,1,0,37,4232.37
5,12.5,12,4,40.0,0,7,5241,9,52472,1,1,27,3152.74
4,17.0,8,5,62.0,1,14,5927,2,17739,1,0,26,3342.69
2,32.0,6,1,4.0,0,9,4602,5,12693,0,0,17,1476.89
10,195.0,58,1,2.0,1,18,9000,7,30085,1,0,37,4078.58
1,8.0,2,4,64.0,0,15,7986,10,48438,1,1,32,3663.82
7,101.0,30,2,65.0,0,8,4924,8,40979,0,1,26,3346.14
9,237.5,64,2,18.0,1,3,1690,4,28673,1,1,20,3429.43
2,66.0,10,0,0.0,0,3,2397,1,1059,1,0,7,1335.44
10,165.5,44,5,89.0,0,3,1972,6,37409,1,0,25,3463.36
10,322.0,80,0,0.0,1,17,8681,8,56321,0,0,35,5273.46
10,292.0,70,2,40.0,1,2,1108,0,0,0,0,14,3764.11
6,85.0,26,2,2.0,0,12,3631,10,29299,1,0,31,2640.86
8,149.0,30,0,0.0,1,18,9232,2,9286,1,1,30,3214.16
1,16.0,4,2,32.0,0,20,12008,10,73315,1,0,34,3524.92
6,156.5,28,5,144.0,1,12,7324,3,17747,1,0,27,5305.53
8,185.5,44,0,0.0,0,16,9604,3,21382,0,1,28,4537.96
4,116.0,18,2,34.0,1,2,994,4,13084,1,1,14,1977.89
1,16.0,2,1,16.0,0,8,3526,1,6240,1,0,12,1184.33
1,16.0,4,4,128.0,1,20,10476,9,29079,0,1,35,5173.54
0,0.0,0,0,0.0,1,19,10472,0,0,0,1,20,1887.55
10,178.0,36,5,53.0,1,20,11739,5,22658,0,1,41,5712.9
3,65.5,12,2,34.0,0,14,7417,5,25759,1,1,26,2894.43
4,71.0,14,3,34.0,0,2,1462,0,0,1,1,11,1069.36
1,64.0,8,1,4.0,0,2,955,2,7945,0,0,6,646.92
0,0.0,0,3,42.0,0,18,8174,2,7368,1,0,24,2599.76
2,32.0,12,1,16.0,0,17,7718,0,0,1,1,22,2111.96
0,0.0,0,5,52.0,1,11,5215,4,19649,0,1,21,2367.39
5,26.0,16,2,40.0,0,0,0,3,13161,0,0,10,1101.17
9,147.0,46,4,23.0,1,3,1306,1,7391,0,1,18,2680.77
6,53.5,20,4,30.0,1,1,379,9,39826,1,0,21,2291.56
4,34.0,10,2,80.0,0,6,3994,9,41973,0,0,21,2297.29
8,160.5,42,5,97.0,0,3,2373,0,0,1,0,17,2642.63
7,130.5,36,1,16.0,1,11,5520,0,0,0,0,19,2256.46
4,136.0,36,0,0.0,1,19,9657,1,6797,1,1,26,3062.85
6,62.0,26,4,74.0,0,18,9154,5,25700,0,1,34,4545.12
3,20.0,6,1,8.0,1,5,2355,9,47543,0,0,18,1669.11
5,32.0,12,5,67.0,1,18,8957,4,19260,0,1,33,4498.06
5,53.0,16,2,9.0,1,7,4324,8,44669,0,0,22,2158.85
7,80.0,20,2,8.0,0,6,3529,8,53455,0,1,24,2325.75
0,0.0,0,0,0.0,1,8,2803,9,34379,0,1,18,1249.63
5,110.0,26,4,38.0,1,2,1517,3,15686,0,0,14,1929.25
3,69.0,12,1,16.0,0,2,1433,0,0,1,1,8,991.75
5,26.5,12,3,64.0,0,6,2855,9,43161,1,1,25,2284.93
5,139.0,38,4,25.0,0,12,5897,0,0,1,1,23,2814.97
9,274.5,64,2,6.0,0,18,8682,6,28777,1,0,36,4773.26
3,80.0,14,1,16.0,1,5,2507,3,11985,0,0,12,1318.76
1,32.0,8,2,65.0,0,7,3694,8,50072,0,0,18,2499.81
5,136.5,38,4,106.0,1,1,252,9,58210,0,1,20,4537.28
9,137.0,32,5,80.0,0,3,1326,0,0,1,1,19,1988.43
9,98.5,28,4,73.0,0,9,4338,8,56579,1,0,31,3423.35
7,180.0,30,4,9.0,1,16,7820,5,27706,1,0,33,3150.91
10,258.5,62,4,66.0,0,17,8531,2,8472,0,1,34,5125.45
2,24.0,10,2,48.0,0,4,2145,7,39788,1,0,16,2378.14
2,2.5,4,1,64.0,0,8,4728,3,21739,1,1,16,1658.88
0,0.0,0,1,64.0,1,6,3267,5,17122,1,1,14,2203.26
7,205.0,46,2,40.0,1,12,5556,2,7802,1,0,24,3925.75
4,112.0,24,4,65.0,0,9,5916,3,15148,1,1,22,2824.85
2,64.0,8,4,108.0,1,11,5645,2,16679,0,0,19,4447.23
10,210.0,44,5,38.0,0,0,0,3,3527,1,1,20,2041.04
2,20.0,6,0,0.0,1,14,9991,4,20190,1,0,21,2279.38
7,98.0,22,0,0.0,0,13,6834,3,12851,1,0,24,2542.38
10,124.0,36,5,39.0,0,17,10035,1,3041,1,1,35,3187.74
3,13.0,6,5,81.0,0,17,6330,8,33225,0,0,33,3324.36
7,128.5,38,4,92.0,1,9,5487,7,34003,1,0,28,5065.97
7,70.0,20,4,76.0,1,1,663,2,10259,1,0,15,3040.11
3,74.0,22,0,0.0,1,5,2840,0,0,0,1,9,1627.24
3,104.0,20,4,112.0,1,13,5321,2,9924,0,0,22,4778.96
4,80.0,16,5,92.0,0,16,6228,10,49696,1,0,36,3848.74
6,165.0,26,0,0.0,0,5,2805,10,55718,0,0,21,2859.2
7,144.5,28,3,88.0,1,15,8382,4,26853,1,0,30,5328.63
10,276.5,68,5,116.0,1,11,5512,7,35921,1,0,34,6660.26
7,73.0,24,4,130.0,1,6,2376,2,13881,0,0,19,3448.98
4,41.0,12,2,68.0,1,20,8984,8,29007,0,0,34,4075.91
4,36.5,10,1,2.0,1,12,5008,10,36636,1,0,28,1624.82
7,184.0,46,3,28.0,0,10,3841,9,42123,1,0,30,3988.09
7,204.0,44,3,42.0,0,20,10773,3,13252,0,0,33,5161.59
0,0.0,0,5,64.0,1,15,6306,4,16022,0,0,24,4465.91
7,60.5,18,5,77.0,1,20,12107,0,0,0,0,32,4999.34
6,128.5,34,0,0.0,1,11,4855,2,15018,1,1,21,2436.88
3,17.0,6,1,4.0,1,19,6675,5,27320,1,0,29,3490.81
9,157.0,40,3,42.0,0,6,2143,1,524,1,1,21,3062.79
8,64.0,22,1,32.0,0,19,9371,6,27157,1,1,36,2995.61
3,64.0,24,4,128.0,0,6,2094,8,42969,1,1,23,3398.48
0,0.0,0,3,24.0,1,1,901,2,7358,1,1,8,1156.35
1,16.0,4,5,130.0,0,2,1148,3,12209,1,0,12,1872.81
2,24.0,8,5,96.0,1,3,2276,7,24198,0,1,18,3879.0
1,8.0,2,4,101.0,0,16,9618,10,40187,0,1,32,3981.55
1,4.0,2,4,35.0,0,10,3944,9,43227,1,1,26,2071.21
5,130.5,20,2,18.0,1,15,7690,6,39538,1,0,29,3159.33
5,44.0,12,2,20.0,1,17,7450,0,0,1,1,26,2075.59
3,20.0,6,5,90.0,0,12,4546,4,20713,1,1,26,2032.44
3,128.0,20,2,18.0,0,20,10999,8,49474,0,0,33,3200.15
2,3.0,4,3,10.0,0,10,4331,7,19931,1,1,24,1964.78
9,133.0,36,1,8.0,1,13,6288,0,0,0,1,24,3192.42
8,172.5,48,2,72.0,1,20,8839,2,11971,0,0,32,4160.25
7,110.0,24,5,64.0,1,17,8229,2,12040,0,1,32,4757.0
10,258.0,70,3,56.0,1,11,4957,4,18768,0,1,29,5031.27
4,100.0,34,1,32.0,1,6,3490,6,24973,1,0,18,3694.65
5,76.0,30,1,8.0,0,5,2290,4,20154,0,0,15,2450.84
1,1.0,2,1,16.0,1,10,4924,8,41579,1,1,22,1924.91
7,96.0,22,3,69.0,1,9,4571,8,31659,1,0,28,4315.53
6,158.0,44,2,65.0,1,15,8516,4,20631,0,1,28,4947.97
5,104.0,28,5,37.0,0,19,9205,2,11690,0,1,32,3398.88
10,185.0,46,5,34.0,1,15,6631,6,31162,0,0,36,3930.03
5,129.0,32,1,32.0,0,8,4999,2,9268,1,1,18,2731.6
9,234.0,56,2,12.0,1,8,4551,1,5783,1,1,22,3205.42
9,61.0,30,4,39.0,0,16,9379,10,48722,0,1,40,3864.15
10,202.5,60,5,50.0,1,6,3593,8,31030,0,1,30,3801.44
8,193.0,32,1,1.0,0,15,9083,10,62072,1,1,36,4281.32
2,48.0,12,2,16.0,0,1,451,1,6894,1,0,7,1077.38
7,152.0,44,3,72.0,0,11,5909,1,2115,0,0,22,3971.82
10,119.0,36,0,0.0,1,14,6855,4,25176,0,1,29,3218.86
2,16.5,10,1,64.0,1,17,9218,0,0,1,0,21,2443.97
5,84.0,24,1,2.0,0,11,5912,0,0,1,1,19,1606.91
2,16.5,6,0,0.0,1,11,5229,3,10931,0,1,17,1712.18
4,81.0,22,5,28.0,0,4,1317,8,32968,1,1,23,3040.39
10,213.0,52,3,28.0,1,3,1208,1,7696,1,1,19,2801.03
5,36.0,14,3,37.0,0,7,3654,8,36726,1,0,24,2554.54
9,190.0,42,4,96.0,1,7,3707,7,41831,1,0,28,5521.74
8,84.0,22,0,0.0,0,16,7741,10,36593,0,0,34,3369.69
0,0.0,0,2,80.0,1,18,9883,3,16204,1,1,25,3420.59
10,170.0,50,4,83.0,0,11,5796,9,42166,1,1,36,4247.98
8,100.0,34,1,2.0,0,8,3951,10,65416,0,1,28,2968.26
3,81.0,14,2,48.0,0,9,6137,0,0,0,0,14,2294.13
9,92.0,34,3,14.0,0,6,2615,10,49753,1,0,29,2530.02
6,86.0,28,4,18.0,0,5,3801,10,43001,1,0,26,2312.88
1,1.0,2,4,97.0,1,12,5618,8,35442,1,1,27,4361.01
8,240.0,50,5,136.0,0,4,1995,2,9526,0,0,19,3972.46
1,0.5,2,4,112.0,0,18,11001,7,36767,0,0,30,4096.93
4,192.0,32,0,0.0,1,11,6232,5,31777,0,0,20,3005.2
7,89.5,26,1,2.0,0,6,2246,8,29995,0,0,22,1632.66
2,24.0,10,1,32.0,1,14,8700,3,19755,1,0,21,3183.32
1,16.0,2,1,16.0,0,16,9157,2,13586,0,1,21,1914.9
5,33.0,12,3,48.0,1,10,5469,3,17786,0,0,21,2597.01
9,202.0,42,5,78.0,0,8,4885,6,27050,1,0,29,4133.85
6,145.0,38,1,16.0,1,0,0,7,46023,0,0,14,2567.11
1,16.0,2,4,69.0,0,17,7174,3,8591,1,0,26,2511.6
8,173.0,44,0,0.0,1,19,9304,1,7278,0,0,28,4129.44
9,102.5,30,5,36.0,1,8,2975,5,27647,0,0,27,2928.83
0,0.0,0,2,36.0,1,5,3098,10,38966,1,0,18,2287.92
5,146.0,34,4,41.0,1,20,11148,5,11614,1,1,36,4895.82
5,49.0,18,0,0.0,0,14,8482,7,25777,0,0,26,2608.94
4,42.0,14,0,0.0,0,9,3476,5,23967,0,1,19,1289.02
4,36.0,14,0,0.0,0,4,2316,10,44830,0,0,18,2107.96
1,16.0,4,4,69.0,0,0,0,2,2109,0,1,8,958.64
1,8.0,2,5,216.0,1,5,1778,7,39938,0,0,18,5287.53
5,112.0,32,4,43.0,1,5,3677,0,0,1,0,15,3271.66
4,44.5,10,0,0.0,0,2,1118,9,38218,1,0,16,1422.65
4,50.5,16,4,97.0,0,1,554,3,15223,1,0,13,1941.68
7,81.5,26,5,104.0,0,18,9295,4,19762,0,0,34,3382.6
10,93.5,32,1,1.0,1,2,184,9,47556,1,1,24,2318.12
1,2.0,2,0,0.0,1,5,2481,6,28016,1,1,14,1600.97
3,80.5,22,0,0.0,0,10,4693,6,25460,0,1,20,2459.15
8,182.0,52,0,0.0,1,11,4433,5,37751,1,1,26,4413.73
5,66.0,28,4,88.0,1,2,1026,9,61869,0,1,21,3666.48
1,4.0,2,0,0.0,0,20,11112,4,29602,0,1,26,2834.18
7,173.5,48,2,36.0,1,19,10315,4,23466,1,1,34,5476.84
0,0.0,0,0,0.0,0,1,199,4,19190,1,1,7,657.97
1,32.0,8,3,34.0,0,15,8135,3,14358,0,0,22,2449.85
9,143.0,44,5,177.0,0,16,7276,3,11023,1,0,34,5215.43
5,177.0,36,0,0.0,0,7,2618,2,7972,0,1,15,2073.62
2,34.0,6,0,0.0,0,11,6402,0,0,1,0,14,1641.97
8,189.5,44,3,96.0,1,14,6113,9,47462,1,0,35,6036.82
2,16.5,10,4,23.0,0,17,9969,2,11166,0,1,26,3012.03
8,205.0,46,0,0.0,1,8,4079,10,43462,1,0,27,3409.93
1,16.0,4,0,0.0,1,9,4647,2,8105,0,1,13,1486.37
1,0.5,2,4,44.0,0,19,11036,4,22395,0,1,29,3170.0
4,64.5,16,0,0.0,0,19,12176,8,44628,1,1,33,4234.16
0,0.0,0,4,192.0,1,3,926,7,39012,1,1,16,4798.78
0,0.0,0,0,0.0,1,0,0,5,28074,0,0,5,544.4
0,0.0,0,2,34.0,0,4,1578,1,4723,0,0,7,878.11
5,10.5,10,1,64.0,1,19,8891,2,10178,0,1,28,2860.2
0,0.0,0,1,64.0,1,7,3758,8,33481,1,1,18,3247.07
8,174.0,46,3,128.0,1,5,2685,10,39055,1,0,27,5651.16
7,168.5,44,2,68.0,1,15,7012,8,33983,0,0,32,4765.66
3,24.5,8,3,81.0,0,11,5903,6,20954,0,0,23,2204.73
3,96.0,22,3,88.0,1,14,5868,3,10703,1,0,24,4342.36
8,68.0,28,2,24.0,0,14,6874,0,0,0,1,25,2623.57
2,20.0,10,4,50.0,0,2,1005,3,9339,1,1,13,1310.53
6,136.0,26,4,72.0,0,19,9178,2,4450,1,1,33,4187.11
9,201.5,42,5,108.0,0,8,5945,4,15090,0,0,26,3529.3
1,32.0,8,1,8.0,1,4,2159,2,8514,0,0,8,875.64
1,1.0,2,1,16.0,0,8,4488,5,31030,1,0,16,1961.16
9,121.0,34,2,40.0,0,4,2161,8,48869,0,0,23,2646.3
0,0.0,0,2,80.0,0,1,32,7,53312,1,1,12,1924.84
2,24.0,6,1,16.0,1,15,6636,7,37942,0,1,26,3187.56
7,99.0,28,0,0.0,1,6,4405,0,0,1,1,15,1540.54
7,96.5,32,3,104.0,0,5,2989,3,8328,1,0,19,2890.14
2,72.0,20,1,16.0,0,11,6150,1,3507,0,0,15,1444.27
10,167.0,36,2,18.0,1,2,855,6,30157,1,0,21,2390.64
9,239.0,50,1,8.0,0,14,4646,8,39501,1,0,33,3924.43
7,164.0,34,5,114.0,1,17,6343,4,27658,0,1,34,6212.36
1,16.0,8,0,0.0,1,16,7539,4,26594,0,1,22,2359.19
0,0.0,0,2,40.0,0,19,10787,2,3639,0,0,23,2805.69
3,17.5,8,5,103.0,0,10,5828,8,36521,0,0,26,2969.65
10,243.5,58,1,32.0,1,19,9383,5,18835,1,0,36,4211.68
7,101.0,30,5,136.0,0,14,6510,6,29172,1,1,34,3891.45
3,40.0,14,2,32.0,0,7,4005,9,54175,1,0,22,2877.03
4,33.5,20,2,72.0,1,8,3957,2,14491,0,0,16,2554.38
1,4.0,2,3,48.0,0,1,849,3,25084,1,1,10,1207.96
2,2.0,4,0,0.0,1,9,5945,6,44750,0,0,17,1979.72
4,57.0,14,3,49.0,1,1,901,3,16755,1,0,12,2424.85
3,20.0,6,4,50.0,0,6,3885,1,2448,1,1,16,1434.33
5,114.0,28,2,40.0,0,4,1304,4,27046,0,1,16,2040.17
9,188.0,44,0,0.0,0,19,9216,3,2525,1,1,33,3530.21
10,184.0,46,0,0.0,1,1,685,0,0,1,0,12,1633.67
3,49.0,12,3,17.0,1,10,3856,7,37380,1,0,24,3052.31
3,48.0,10,5,148.0,1,13,6832,3,11500,1,0,25,4606.35
5,132.0,24,5,80.0,1,19,9314,8,42148,1,0,38,5248.34
4,132.0,18,1,8.0,1,14,7642,4,23152,1,0,24,2741.27
5,68.0,14,2,48.0,1,13,7576,0,0,1,0,21,3782.18
0,0.0,0,2,72.0,1,12,4594,7,40713,0,1,22,3327.66
8,242.0,54,5,48.0,0,7,3403,7,24252,1,0,28,3702.71
3,84.0,22,1,64.0,1,16,7836,4,22331,0,1,25,4367.63
9,161.0,48,5,96.0,0,5,1662,4,20021,1,0,24,3412.67
1,4.0,2,3,16.0,1,8,4136,2,10825,0,0,14,1578.13
4,40.0,10,1,1.0,0,5,3507,10,52574,0,0,20,1747.09
5,156.0,38,4,48.0,1,17,7902,8,36271,0,1,35,5183.76
6,52.0,12,1,16.0,1,2,1239,9,41793,0,0,18,2074.09
6,102.0,32,0,0.0,0,10,7048,0,0,1,1,18,2530.37
10,147.0,46,3,20.0,1,8,2931,0,0,0,0,21,2490.39
4,68.0,18,5,169.0,0,17,8883,8,33919,0,0,34,4427.01
3,56.0,18,3,20.0,1,2,645,0,0,1,1,10,1175.91
1,16.0,4,0,0.0,1,8,3701,5,22749,1,1,16,1410.68
7,121.0,34,5,116.0,1,5,2472,8,35880,1,0,26,5080.1
5,72.5,12,5,29.0,1,11,6965,5,23450,1,1,28,3932.37
7,81.0,26,4,96.0,1,6,3775,0,0,0,1,18,3625.84
9,292.0,72,2,16.0,0,14,5919,0,0,0,0,25,4098.8
9,336.0,88,5,66.0,0,0,0,5,15829,1,1,21,4391.41
6,136.0,34,5,152.0,0,18,10285,7,24510,0,0,36,4802.38
4,44.0,12,4,112.0,1,0,0,0,0,0,1,9,3185.44
3,48.0,8,0,0.0,1,5,2054,6,34462,1,1,16,1233.5
8,153.0,38,1,8.0,1,8,5211,4,24047,0,1,22,2924.04
1,8.0,2,1,16.0,0,18,9077,5,19315,0,0,25,2336.89
0,0.0,0,2,24.0,0,1,681,5,10337,1,1,10,752.31
5,142.0,30,2,18.0,0,14,7773,5,38449,1,0,27,3580.51
7,77.0,22,1,32.0,1,0,0,8,46250,0,1,17,2056.79
5,84.0,20,0,0.0,0,13,7000,8,24759,1,0,27,2361.44
9,189.0,54,4,30.0,1,16,6429,10,47531,1,1,41,4362.57
10,337.0,72,0,0.0,1,19,10165,4,19423,0,1,34,4735.77
5,40.5,20,3,20.0,1,0,0,2,9181,1,1,12,1530.33
7,18.5,14,2,24.0,0,19,9789,4,13320,1,1,34,2943.19
5,72.5,28,5,113.0,1,4,2127,4,16170,0,1,19,3987.67
10,215.0,58,3,104.0,0,2,722,8,42629,1,0,24,3752.83
0,0.0,0,3,104.0,1,8,4342,2,8854,1,1,15,3891.37
7,106.0,22,3,66.0,1,14,6434,6,29142,0,0,30,3437.42
1,0.5,2,0,0.0,1,8,3164,5,30079,1,0,15,1438.64
0,0.0,0,1,8.0,1,2,1068,0,0,1,1,5,567.12
7,129.0,24,2,40.0,1,7,3128,5,24067,1,1,23,2688.95
3,40.5,14,4,168.0,1,7,4407,6,27902,1,0,21,5416.36
7,229.0,44,5,140.0,0,6,2371,5,20822,1,0,24,3802.95
1,16.0,4,5,96.0,0,10,4351,7,25830,0,0,23,3179.22
5,58.0,14,1,32.0,1,7,4288,4,14992,1,0,18,2387.05
5,88.0,18,3,36.0,1,7,4100,1,3169,1,1,18,2507.58
10,178.0,46,1,32.0,1,11,5519,3,20452,1,1,27,3618.85
9,110.0,40,4,18.0,1,12,6251,8,46698,1,1,35,4309.04
1,64.0,8,3,38.0,0,1,813,6,33869,0,1,12,1576.51
7,104.5,28,3,128.0,0,16,7370,7,36029,0,0,33,4068.77
4,65.0,18,4,65.0,1,10,4909,5,21415,1,1,25,3456.11
10,122.0,32,1,64.0,1,12,5536,7,25581,1,1,32,3916.56
2,16.0,6,3,32.0,1,5,2155,2,12142,0,1,13,1961.58
4,84.0,22,2,40.0,1,19,9558,4,27606,0,1,30,4297.16
6,196.0,50,5,13.0,0,0,0,8,35286,0,1,20,2645.64
0,0.0,0,1,32.0,0,11,4544,8,42168,1,0,21,2590.37
4,49.0,22,4,88.0,1,20,10342,6,26534,0,0,34,5147.97
4,208.0,28,2,72.0,0,2,782,2,6967,1,0,11,2386.2
10,345.0,64,1,32.0,0,19,9691,1,9850,1,1,33,5135.49
5,136.5,24,1,32.0,1,17,8622,7,47958,1,1,32,5005.93
7,108.0,28,3,81.0,0,20,11639,3,20170,1,1,35,4083.45
8,77.0,20,5,83.0,0,4,1542,9,57752,1,1,28,3339.19
10,251.0,66,1,16.0,0,18,10181,8,34731,1,1,39,5143.2
5,53.0,16,4,27.0,0,3,1483,8,50209,1,0,21,1959.73
7,151.0,38,1,16.0,1,11,6322,5,34781,1,0,25,3928.38
7,48.0,16,1,64.0,0,15,8035,10,36158,1,1,35,3129.08
7,176.5,48,0,0.0,1,3,1562,4,24607,0,0,14,2657.93
2,3.0,4,3,49.0,1,5,2336,4,14903,0,0,14,2016.0
4,144.0,26,0,0.0,0,0,0,8,42495,0,0,12,1975.31
1,1.0,2,4,43.0,0,15,7706,10,66895,0,0,30,2795.08
5,64.0,18,1,32.0,0,2,683,6,14197,0,1,15,1390.32
8,216.0,42,0,0.0,1,11,6144,1,6195,0,1,21,3090.13
4,26.0,10,2,20.0,1,4,1362,0,0,0,0,10,1303.1
9,262.0,64,5,116.0,1,4,2829,7,37450,1,1,27,5922.4
4,128.0,34,5,152.0,1,5,1933,5,22805,1,0,20,5000.18
6,69.0,22,2,66.0,1,19,10104,3,17220,0,1,31,3359.91
6,164.0,40,3,10.0,0,1,19,10,62359,1,0,21,2702.09
1,32.0,8,3,42.0,0,2,1040,6,33764,1,0,13,1914.64
5,43.0,12,4,36.0,1,15,5953,8,45009,1,1,34,3671.16
1,8.0,2,1,16.0,1,17,8448,8,36161,0,0,27,3127.24
6,117.5,26,2,17.0,0,8,3821,10,58920,0,1,27,2938.9
4,54.0,16,2,48.0,1,11,5484,8,34207,0,0,25,2909.04
2,10.0,4,1,32.0,0,20,11917,2,2293,0,0,25,2683.21
5,76.0,22,5,87.0,0,16,7487,4,21904,1,1,32,3611.54
6,122.0,28,5,70.0,1,5,3423,1,7954,1,0,18,3274.87
10,314.5,64,1,4.0,1,18,8290,0,0,1,0,30,4725.08
9,162.5,46,3,98.0,0,13,6025,8,36760,1,1,35,5459.51
10,296.5,58,0,0.0,1,0,0,10,64360,1,1,22,3425.07
7,108.0,30,3,100.0,0,16,7893,6,35199,1,1,34,4278.51
9,224.0,44,3,72.0,0,10,5219,6,37069,1,1,30,4535.88
7,66.0,20,2,9.0,0,0,0,10,48447,1,0,20,1778.78
7,181.0,40,3,72.0,0,15,8751,8,33698,0,0,33,4246.24
1,2.0,2,0,0.0,0,20,9174,10,43634,1,0,32,3472.57
8,172.0,40,3,100.0,0,10,6218,6,25024,0,0,27,3969.97
1,8.0,2,0,0.0,0,6,1956,10,49390,0,1,18,1991.64
7,130.5,30,5,112.0,0,17,8753,3,16684,0,0,32,3961.03
